<?xml version="1.0" encoding="utf-8"?>
<odoo>
    <data noupdate="1">
        <record model="ks.drawer.colors" id="ks_drawer_colors_rec_1">
            <field name="ks_colors">rgba(41, 60, 78, 1)</field>
            <field name="ks_font_style">dark</field>
            <field name="ks_no_delete">True</field>
        </record>
        <record model="ks.drawer.colors" id="ks_drawer_colors_rec_2">
            <field name="ks_colors">rgba(53, 41, 78, 1)</field>
            <field name="ks_font_style">dark</field>
            <field name="ks_no_delete">True</field>
        </record>
        <record model="ks.drawer.colors" id="ks_drawer_colors_rec_3">
            <field name="ks_colors">rgba(56, 62, 86, 1)</field>
            <field name="ks_font_style">dark</field>
            <field name="ks_no_delete">True</field>
        </record>
        <record model="ks.drawer.colors" id="ks_drawer_colors_rec_4">
            <field name="ks_colors">rgba(219, 246, 233, 1)</field>
            <field name="ks_font_style">light</field>
            <field name="ks_no_delete">True</field>
        </record>
        <record model="ks.drawer.colors" id="ks_drawer_colors_rec_5">
            <field name="ks_colors">rgba(236, 244, 243, 1)</field>
            <field name="ks_font_style">light</field>
            <field name="ks_no_delete">True</field>
        </record>
        <record model="ks.drawer.colors" id="ks_drawer_colors_rec_6">
            <field name="ks_colors">rgba(229, 255, 254, 1)</field>
            <field name="ks_font_style">light</field>
            <field name="ks_no_delete">True</field>
        </record>
        <record model="ks.drawer.colors" id="ks_drawer_colors_rec_7">
            <field name="ks_colors">rgba(15, 36, 61, 1)</field>
            <field name="ks_font_style">dark</field>
            <field name="ks_no_delete">True</field>
        </record>
        <record model="ks.drawer.colors" id="ks_drawer_colors_rec_8">
            <field name="ks_colors">rgba(85, 68, 65, 1)</field>
            <field name="ks_font_style">dark</field>
            <field name="ks_no_delete">True</field>
        </record>
        <record model="ks.drawer.colors" id="ks_drawer_colors_rec_9">
            <field name="ks_colors">rgba(78, 61, 83, 1)</field>
            <field name="ks_font_style">dark</field>
            <field name="ks_no_delete">True</field>
        </record>
        <record model="ks.drawer.colors" id="ks_drawer_colors_rec_10">
            <field name="ks_colors">rgba(34, 74, 67, 1)</field>
            <field name="ks_font_style">dark</field>
            <field name="ks_no_delete">True</field>
        </record>
        <record model="ks.drawer.colors" id="ks_drawer_colors_rec_11">
            <field name="ks_colors">rgba(229, 247, 255, 1)</field>
            <field name="ks_font_style">light</field>
            <field name="ks_no_delete">True</field>
        </record>
        <record model="ks.drawer.colors" id="ks_drawer_colors_rec_12">
            <field name="ks_colors">rgba(77, 91, 100, 1)</field>
            <field name="ks_font_style">dark</field>
            <field name="ks_no_delete">True</field>
        </record>
        <record model="ks.drawer.colors" id="ks_drawer_colors_rec_13">
            <field name="ks_colors">rgba(52, 52, 52, 1)</field>
            <field name="ks_font_style">dark</field>
            <field name="ks_no_delete">True</field>
        </record>
        <record model="ks.drawer.colors" id="ks_drawer_colors_rec_14">
            <field name="ks_colors">rgba(247, 243, 233, 1)</field>
            <field name="ks_font_style">light</field>
            <field name="ks_no_delete">True</field>
        </record>
        <record model="ks.drawer.colors" id="ks_drawer_colors_rec_15">
            <field name="ks_colors">rgba(113, 97, 96, 1)</field>
            <field name="ks_font_style">dark</field>
            <field name="ks_no_delete">True</field>
        </record>
    </data>
</odoo>