<?xml version="1.0" encoding="utf-8"?>
<odoo>
   <data noupdate="1">
        <record model="ir.config_parameter" id="weevy_pwa_enable">
            <field name="key">ks_curved_backend_theme.ks_enable_pwa_app</field>
            <field name="value">True</field>
        </record>
        <record model="ir.config_parameter" id="weevy_pwa_name">
            <field name="key">ks_curved_backend_theme.ks_pwa_name</field>
            <field name="value">Weevy</field>
        </record>
        <record model="ir.config_parameter" id="weevy_pwa_global_config">
            <field name="key">ks_curved_backend_theme.ks_global_config</field>
            <field name="value">1</field>
        </record>
        <record model="ir.config_parameter" id="weevy_pwa_background_color">
            <field name="key">ks_curved_backend_theme.ks_pwa_background_color</field>
            <field name="value">#FFFFFF</field>
        </record>
        <record model="ir.config_parameter" id="weevy_pwa_theme_color">
            <field name="key">ks_curved_backend_theme.ks_pwa_theme_color</field>
            <field name="value">#FFFFFF</field>
        </record>
    </data>
</odoo>