<?xml version="1.0" encoding="utf-8"?>
<odoo>
   <data noupdate="1">
    <function model="ir.model.data" name="write">
        <function name="search" model="ir.model.data">
            <value eval="[('module', '=', 'base'), ('name', '=', 'main_company' )]"/>
        </function>
        <value eval="{'noupdate': False}"/>
    </function>

    <record id="base.main_company" model="res.company">
        <field name="favicon" type="base64" file="ks_curved_backend_theme/static/description/icon.png"/>
    </record>

    <function model="ir.model.data" name="write">
        <function name="search" model="ir.model.data">
            <value eval="[('module', '=', 'base'), ('name', '=', 'main_company' )]"/>
        </function>
        <value eval="{'noupdate': True}"/>
    </function>
    </data>
</odoo>