<?xml version="1.0" encoding="utf-8"?>
<odoo>
    <!--  TODO: Remove  <data noupdate="1"> -->
    <data>
        <record model="ir.module.category" id="module_category_curved_theme_parent">
            <field name="name">Arc Theme</field>
            <field name="sequence">60</field>
        </record>

        <record model="ir.module.category" id="module_category_curved_theme_role">
            <field name="name">Role</field>
            <field name="description">Helps you manage global theme settings.</field>
            <field name="sequence">20</field>
            <field name="parent_id" ref="ks_curved_backend_theme.module_category_curved_theme_parent"/>
        </record>

        <record id="ks_curved_theme_settings" model="res.groups">
            <field name="name">Manager</field>
            <field name="category_id" ref="module_category_curved_theme_role"/>
            <field name="comment">The User will have have access for modifying the Global Settings</field>
            <field name="users" eval="[(4, ref('base.user_root')), (4, ref('base.user_admin'))]"/>
        </record>

        <record id="ks_curved_theme_hide_enterprise_apps" model="ir.rule">
            <field name="name">Hide Enterprise Apps</field>
            <field name="model_id" ref="base.model_ir_module_module"/>
            <field name="active" eval="False"/>
            <field name="domain_force">[('to_buy', '=', False)]</field>
        </record>
    </data>
</odoo>